2f3e4a61d64042a6a77508d07339881a,John Rowe,b'$2b$12$khgVKpsMxyKi.ULlNAlgtORnXIAipkfxVGLpHe57DHPRTrBw7INp2'
d39bfd53c97f483e8484326639ecbe49,John Warren,b'$2b$12$77lwY5p0/wCSJ/2HZIUzFes9ag1.k3Usa1AJyED1meOVz1b27/aCq'
b0de7ddf2a7e4abaa939697ac80496f4,Raymond Smith,b'$2b$12$IvKKKVLzFKNveKeR09uwbuJGIe7tbSfGNFhef6uZ5Cf8yQ.AC59vG'
6c9e9bffbcda45b6b2e1bffb54517fc5,Joyce Chaney,b'$2b$12$pJ9.ClxjhRiTjIP4TtP.Y.j6itUvHBj.jfmO.HKEdBQKAgll5qZKK'
84717e3407024643b9767ad08b5f7811,Timothy Fowler,b'$2b$12$Dg9/jeJQ17dI8I5j6a9Yi.XeRIM0M3gZsfkpYZdBD.EsZ2HU.u9iK'
d585e66f5320454583fa4b6840a7ab4f,Lauren Gentry,b'$2b$12$A924M1Vq2qZBPHEPjsjx8eP8pFdQvap249M.ifojGPgR8SNFPHSXy'
c68c9e1ce5834a75a8d5d76826440673,Derek Young,b'$2b$12$gi9eEM6akN6/ZM/3IoMq1OZwzydgyHw5h.BIJMMIieWjfdrZ7/MQ.'
915002e1e62443ca87a39fbf473611ef,Stacy Hall,b'$2b$12$JU.Au1W7rk6vN9KVi6cl/u87bpCi1Utj44CHGah4HhtEBG7iklvJ.'
b914a6cc07b1434a834b6487538723f2,Paul Smith,b'$2b$12$sZj63QhlYZYuynd7UKhf8OxVE3YeLcJBeaW6c.MVny3SFF6gD662m'
70d03a7954a741d096db308e54646311,Carl Moore,b'$2b$12$INKiXojx0lJG8eCKnLufgei06JX.mcp60F.Ev9799au74P84tnR3e'
57a158d4a0184c9aa594b546f6465037,Jason Hernandez,b'$2b$12$SUaVqdxRxXiz9j9aHjUowuadTbdcZ1UlfKADzMNAaruEP3MiwlqmO'
4fd948375e7a441f882f7a57196612c6,Meredith Smith,b'$2b$12$s1VpnaNKZ1diDRiqJJTCBuOChMilXT3/pjSCVOGZLDIZgb2LpeggG'
ef4742c7860048a9a023081b7122a8d1,Alexander Campos,b'$2b$12$a8D5LZAHLxNM.zs9Y30zBe8FsI2zm4MsNQrSz37TaA9B03HCpwh2e'
2f5cff69b02d473ab8ae25a60a81a80f,Adrian Baker,b'$2b$12$H4YqAWHzEJdeDyyLgMvX1OuUsuNHYYwcVI9UhG3p/klHIEvdNCdzO'
ee6d07fd60124fab8aca2e3a15a3f0ef,Melanie Cunningham MD,b'$2b$12$2kYxWMIO7WwuTWQHbAuRX.ntHEQzYBqMYDsBfYRI/w/I.5vijDayS'
09a6763e89334573ab9e3040b845b475,Angela Bates,b'$2b$12$vsdOpki/U8DLYkxASr1aIudy23skpRsAbAGIzI8ACHsQ/TairNWE2'
1e8c1f3dac9f4279ae64fc5ed4d10f4c,Matthew Russell,b'$2b$12$PjB8DEBanx2naPXXI3Kke.v6zuXiPhwwrHiIztsiLDjLZSnxfzFB2'
9a61ad083ab1406e96967c21a6bea695,Carol Smith,b'$2b$12$cARRzmfrcsvRmRZGglxEMemAgpj54YguLE8ElmQ8yM80LI4r8MTmq'
a6abdfaa51f44c78af4de9182e4d48f9,Linda Johnston,b'$2b$12$QKqGiDmgrxybdjFMri077uso.mdaqzlpiC2epzyGfrgYapYxYslmu'
841163f61f164011ada98f4cd322a030,Veronica Richards,b'$2b$12$xJjs81xlUSDiSxQ0mIg32OqU//ym7orfV3.9dpRF7q2OX468jnRm.'
6600ac6bc58d4efa89fd0a172bff77dc,Shelley Evans,b'$2b$12$9cupO6G0NMk/vR1xgFw2Uu8vGvd5JTKBdbdyEpGQVSmFef82/At9.'
387a31b2f7b1463bb034342a0b74ba0b,Anthony Moore,b'$2b$12$1MVxn2Q62TLX5xcKPF8V1uBtE56pTnPNJ9Vad9Yv1KmXd.3ycJH/u'
3deef25e2e6f4605b9e0f607ea404ebb,Nichole Holloway,b'$2b$12$QtutIUReVS9YWSpehJDtD.Zmactc811oAaDZ0JWWF4ssM8p7U5CeW'
747eab258134412f8a4ab8e678ceb357,Stephanie Rodriguez,b'$2b$12$JtW.EqhHsh5ocebvrHYDG.g6LgKv9QQcig2XRIhgkNqPLSsbe5Gyi'
2b11273103564b9187a43df5ef300b5a,Christopher Diaz,b'$2b$12$3pPPTQLf6UyQgCtRY48vi.Bgq8l6A/rmnZcQRsBQrgzPjm.3uZiDW'
a973e2fae2764704b5d1ee773e4ec179,Gail Miranda,b'$2b$12$PtoqtSBqoN8ZJHBLnDv.GuGQH267koihM/afCZcESmfG24/RUb/AC'
b4d6716cad874a8ab62a1ccd43c3202a,Alexandra Allen,b'$2b$12$ob1LEhCTjhJdCtYJzDKmNefa0HiZKn2ooY9gJaUoLXwkHJFw50e3K'
a15d69138144485bbfb2c9577ee0bf1d,Debbie Turner,b'$2b$12$L04vOMq.mY/KYPqC6dsTpO9X6IcfK5VBBusd5/7Xrs4h1RhQn1Num'
c2ab8868f58c4516b1013d2d64510b57,Destiny Curry,b'$2b$12$WAMWjDHkg9WS3zJnXVyOKODi8gvmDhEotUVjkeDOlT8G6k/okSEOi'
60c81491f37841a0ae512b483bb06958,Michael Jennings,b'$2b$12$OBAbXQOFJnxtlmCBNBEOdefE7PJviy8saTqLXfFujECKo4QlBtzk6'
0920d37a891b4bcba41f5eecb9180652,Bryan Brooks,b'$2b$12$Uf131qZcrqzwHTPz2iGRoe4RyEAAcZvrahTl1LvlJho3yQbfqspSq'
834d0f0434474c408a64c062750b2c9e,Megan Moore MD,b'$2b$12$SE3Uaqhx34QU4jZwCY6SuOu5130NsiWBXzRCH06DGihkgWIihNEuC'
686027b9fc7b4d8782768cca9cd047a1,Kevin Gonzalez,b'$2b$12$USilqJOyvOeUVte9FrUSnOyPO66g9/ugejYyDg8p23DjvamYIwPv2'
ef17572876464d1c996025f7aced77c8,Michael Sandoval,b'$2b$12$JWH6vHmKo03Zil/ndugZjug2IxMhB.TTwKamS6FE0kSQ40IHBUQ06'
e5e482d5d5eb40d1a8c26d50ee8232b9,Jason Long,b'$2b$12$9NtEpwV9pw8hvKv6D5zdZebxmeg/O95ikr7VbfCMu5VjmrIeUcQpa'
c39a9acc7ba641a8aa23b0f3e85c3d29,Paula Rios,b'$2b$12$6ZIIzwgkjAyC3OEdNgJQSeF/MjH9PIb6jSn3oIagzFDta7YqoFCEK'
63414b9f99904f02bd194e4ed8b5368f,Robert Cox,b'$2b$12$Y.VrQm/abetDtx14tpc8I.THMhbnRwumkkisNh3OQw.XhI7B3Yhj6'
fbb2fe625b814ce58b4af48264897828,Michele Avila,b'$2b$12$KVS19quoGX1TeZFgISetouM4EBJy7jw2n6EYImA0eY86D0B3Brst6'
4df92775589a4687beaac5bb3fdb3b63,Howard Caldwell,b'$2b$12$OoCHcaDDcym94S8mdZlW4unrpAH59l10EpjnYjfL3SMGp6YBmLVX.'
0956d6b88b844c9ab4a71468fe9e9949,Dennis Long,b'$2b$12$j77N0aCzYNKanrOL9EkEoerYDp64LpbpzLHVL5v4fTT9H6uYKMeDq'
30a9e73155a84674896d0bc8deb80e9a,Kristen Mayer,b'$2b$12$kGJiZX/mabXJS.2tFKonreuP6BstDptfd8apgobVXlYjTqDAgwtkO'
deaeeaa4dca449fb8553b4ac2b0c274d,James Thompson,b'$2b$12$vzycr0rD85ypoc6h6VrKyuU5ZLXHOVl/Ws23qgphTX10IZ5razMKu'
95b9500fa40d488b82dbc9d1701cb98a,Michael Bates,b'$2b$12$1h/iF7TY1xhqdlDEE5VFzOGH3kp/sItwS0qwwA55Ur6WPpyf9.OMC'
9b775bcb3f2e4819944de2208337b61a,Joshua Rose,b'$2b$12$ug4o2HLozjMnvEdOpnBFJ.up7kNsRGtGjZtAkUuea6YQCfYeu8g5O'
7764b29b0f1142b3afc9bdd915f60dfc,Tiffany Parker,b'$2b$12$4Egecp/2P0Qjwe0Qx/y6BeVAhg/ATrvGrR9xHuI4L1rOQfC/HPH7K'
aca8b4078c4340379ece6574196a89da,Carl Stephens,b'$2b$12$I2AUfCcLOTI1WHd3XekaFeVrfbAT2CF/5ClLSYVHlbfxOB295OKHS'
487bb08bfb8d431ebd5c8064dc2e79c9,Shawn Smith,b'$2b$12$FY/js0l9My/5/gJvrEDjYOax.E.pXwKF.JU3TyGtKELFuJAJM.b3m'
de353dee98394bc88a791a055600ee38,James Lewis,b'$2b$12$R3ynmstc3sNt2uqCSoMICOgDDQFLrVPqfLVH8nK5HsNOijB63lLnC'
8174ca21f93e4d55a4c50b06055d1ef7,Marissa Lara,b'$2b$12$FunT2RTOritcJyV2wqqvFu0S19VWMrgkcMuF.6QhUsnxoCVmnzlI.'
83db26ab6b62431eac2b277c2f4ff17e,Taylor Elliott,b'$2b$12$.L4oCPx8FU8NWit2ueO0buIcA662RpU7nOEdiplBm9qoedfx/vtei'
598dc6d23ecf4addbfacd7fe600ed1a4,Amanda Burns,b'$2b$12$SHPKSS1GamGzeLv2EsLu8.kM8lhqyPstTgmrpL2ywGGlFEbI19EX.'
8141c00c942941cb9782747328ba38c2,Dawn Armstrong,b'$2b$12$1HSrcDgRudO.TmYTOMsEsezR50pO1Nh2zaMLp2sAf/ZKVymJ3DeY6'
21c8abbb3a1147bcbffd655492201919,Andre Phillips,b'$2b$12$2yqWWsZMH4jwdoDmeIiX4O.UIbR/ohmJMqWGi/oLRhiBh8vSBtB4m'
45650ef8b37449d3ab5c4c2a09316c19,John Simpson,b'$2b$12$VEa9ljdKvhd8EI1gBWgTNuILQcyvdcY6T5Dr8kFxJphO5X54kzjDG'
4cd3eb7a075146be9add0f1019113b26,Mary Rogers,b'$2b$12$zIfbes5T69WrJnWOk9os5e9fw8/o9ujfhK9LQRhf2J/AfAR2VHLIO'
112afccdffb54134980718d8ef52cb1b,Tonya Wagner,b'$2b$12$pnX6ihvs778nq2bel7pf5.pcxFp46c6TJJsGXCFogOFnXHcbxOMd6'
3ad5ae3241fe4761a1cc1abe7202780a,Scott Wilkins,b'$2b$12$1SkIyOPy6gFSLObZ.B42GOXBh.h8e5tmclcaCAXW5CvefXhn6taMS'
04bc576582004ce78db26a10fc7be96b,Jorge Graham,b'$2b$12$ryCkmXKYY42KqdKUIn5XzebitNYMZNIB01Oz5IInLVD6FdDSAAO6G'
32ba849ad5aa499d94304f7d8c606d0a,Heather Davis,b'$2b$12$WK9p4mF37sgsxcFB20ecOu0gOzYGnJGXdOrHSx8XigOji9vaFMtfC'
be1258f9219c4c93b66f206088594146,Randy Castro,b'$2b$12$1udvFSvch7L2X2Np6MLCeugyybQ7fnqaqUENlSv/XPLR11w692vhi'
40f6921a00b044e99bff1190013816c9,John May,b'$2b$12$wsSSNduDBg1v5ap.k2ncs.bZ5RF/AZwIBO17tnWEgk6mDJAnz2xoW'
9ef75f425d2742518cbe975ae1c8b730,Jennifer Pollard,b'$2b$12$R.9ZRBHX.1sr85762KnEBesOOy9K58nRf2oY5BU/tyCsO/rePhwMC'
fdb2ffed4c8c48579f5bbeb270cc1e9c,Lisa Nguyen,b'$2b$12$gR2OGsHb3NOqCVfBMPWQPePSueNIn9D0Nxso8JpXwDYuHFhrpRXnO'
7d066653263a4eec81846a7e78765ed1,Brandon Morales,b'$2b$12$Xr5x5L5mIdqkT3eKc2MJPOqer50PrirySCf3HWvj7k0AuAq67x.W6'
f4deffbd9aa5429db69581f8132f848e,Shelley Sawyer,b'$2b$12$TkVjF711w2bTNSfU3Q0DleARRsg8BxXo/VfI8hpLhsFY08U0nqnxu'
1cc27d1d22a6475aa911a29a9eb1918f,Nicole Whitaker,b'$2b$12$jHoVJIUlcE0vI.0XWWRO7elU4XhFevVJb2H9CN4IAI/KSyQAdm0oi'
5d6435759cc7416c8fb1e99717644488,Megan Anderson,b'$2b$12$eS7XUc1RFFEyL.pdBJNquOBKWt6GEa3aASqHfoOBed76gk0Ib5Ime'
38c68b893a934d96a06b1399dc690b4a,Kristen Rogers,b'$2b$12$IQTdZxE7MxBKN6ndotBUveNJOjN5xcduyFnWOlOM2uhsfPrQg1Sgi'
3a80b85e7f7f413faafb0c576f898b98,Miguel Davenport,b'$2b$12$9a7DoFd6c.oKOZGiq8.csuir5.PFk7DQVxJf.e1vPAyj7fL7aRYgC'
212c173e27504e61a2ce7f781d2a2167,Christopher Gomez,b'$2b$12$Ld8xs7ipaqhHbY3q0Zz0Ku.l.Cxzfyt.yo4c/QgN8/1ithYJZtIbG'
186bf50cbb714b05b42ef061ff2dc930,Dillon James,b'$2b$12$Z1lGQMO0El78tGMkshBMZux7NZGjEfM8F54KGkiQgWtRyBRPaVelu'
62748f79867d4c1daec86ebd027f8713,Kelly Cortez,b'$2b$12$Y.5yOCGrTAw5Kl5457uWM.ESwKo7uUJglisvInBJIWZqHHe/FppAq'
7a91ecfc0b64421d848a5491bc6e8636,Holly Little,b'$2b$12$XPeyiDu47imX9fRNV99Wg.y1ygbPkD7IJ/ovq6q9mzadSvsJetjoa'
36a6491e23234f308f68109ced927093,Ryan Bird,b'$2b$12$.obhAidBvaq9UpGqaJy7c.RRC7A./FUbGfxN1gecIJe3NZvoiUBLm'
ff96b049280f4a70b62d25500704e5cf,Carla Terry,b'$2b$12$lWtkoX7bDWQYH/tfJ.DZQ.YDQuv7yImo10e2XPhSjHCWQUn8kYyty'
02b379d3f1f84357af448b71a7b704a0,Kelly Johnson,b'$2b$12$z07Jl04ONCKJLF7kk.b1nu5vSGA8Nofbkap9Wntu/6nMtRaOsbTeC'
3fd2a295be874aa7a96e040b9e9aece6,Joseph Baker,b'$2b$12$mKZmKOQn2g39XE5l00UVLey5fUWwr6a.a0cAG5fZUfHF3eEFhj5Im'
46c37a242aec4248b1e05f944ba98c09,Christina Pruitt,b'$2b$12$IuvkcBc8RTUc81.Lp.5Uw.ti3eLJs5p2RHjTSOAQlGvbddnX.SpP.'
66f6f6aa3a434eef870c3b0824cb5109,Hunter Willis,b'$2b$12$kF0Qa6HhKQSpSheHJ0V3V.CHIg8wi.nVVVjxl8U8N5ZXCsLmH4ZUi'
bcd8bc351cec44a791b458502483a367,Anthony Townsend,b'$2b$12$5PA9rvNFxOERB66ZcH37JOdFfoIT4uO37yKXjwc814JqzMuUpOtvC'
15ed127c932844c0ae8c0337c5f1be15,Lisa Clark,b'$2b$12$YnRzAQLWDMAnKosq7D5GeehTx1KwjrRG2i9vzjduh77T4s2XUDzvm'
4accac8271f449cb93fc0a9125bf31ff,Jessica Robertson,b'$2b$12$YW.kO7Q9iJLCdCbZcy08Vu6/MmM5VV4OHdx7o.QcWEmiJaY7iNE1m'
1f47afd1d0a84b0fba6ebc1ff6d8395b,Christine Woods,b'$2b$12$HR2/Z.Jw5pv88qx145KMPOk9UURK2VznLRcZPuIJ9PQBoZ.qB.ouK'
6084d7e5fd974c5cb6b502fcceff5abc,Bruce Leonard,b'$2b$12$C6e5F1DAedI.ghjRIwKodu7nkeaortBEt0tLiy.CMKTmVymFQ.GSa'
9a5f1ddc106343ab9291a1507f75dc7c,Mr. Thomas Matthews,b'$2b$12$lHdM8o37RUDbqK3tFtfCk.s3N5cWvN9s/LE0Ed2nea3pPcOYW5WPe'
72981bbb5c534edc856461b5c44c2c85,Craig Rivera,b'$2b$12$TjgrsvpSvws9H0b73R26Oujp87lySMrP57grD1/nA2dxTe.X8rK9m'
97fbc042fb4b40378c2eb75e983d2e2b,Gary Ballard,b'$2b$12$jS1PPqz4Wt/UTqLhcLo35ejNWT85CrY01cuMxUbXTDmNEgCHLf6ku'
77afcd76ec584c22b737946700516a34,Steven Knox,b'$2b$12$zTnVc9cigzpyCLhx3XYUm.hwngWzrkifg0EZqTXrk.d4uFNxU/zZ6'
16abef5f405141af931787327b47c034,Lee Rose,b'$2b$12$sahhdEGbpU6J/k0kcpaL..nG7FwGXorQ1mQ2jndBndeGSmgcLYlDq'
e8ba82d45b6d46d5b192e31e3aeaa77e,Dean Flowers,b'$2b$12$k0.bILPgr.HnpfK8668Pc.dshOwRp7ewTqcIlGXzctJZehjeG2.dO'
cab1a79ea19c43978451504a37dcdbb9,Samantha Johnson,b'$2b$12$3O91Qepcjc9UGqO405ldx.AkHfwxCtn1YMKCrGo34Gw8h426jdZPW'
b9833561e874497e97e32e7354dea8ea,Jacqueline Bailey,b'$2b$12$pojciCTPTRxOiYZE2WksU.xxaHQ3.PZTY1tXHftfX9v3Wkn8wxPDq'
5c311e79a45f48c2a746ff66884489da,Michael Moore,b'$2b$12$hOVGArZ1HFSu/kehrZRIHOpN1Y4TDl1J.I4ApqTOOQ64/zUTt/LVq'
85f5aac4bf01469a8d1ef5a03f195ead,Andrew Lane,b'$2b$12$h0Io.bi02ImgNw7KkuB7aOJMCJm34F5ofecq.j7V.Aun84eYXIWs.'
f786f16c47a84864964452ff56c4465a,Sarah Griffith,b'$2b$12$a3hED4q8RcxdtDiLSGu/l.ilaRMtIp9eNcjoEeE9gvkUlAN1QCpk.'
c24bfbb72997496aa4b2c071441f2510,David Perez,b'$2b$12$MowtxSh5iXON6Sson7rLV.4zTP1Vu7oRoZz9BVTlYuiIpXhWGabKi'
6d633dde80e74a6883bb5d45dcb5432b,Jennifer Larson,b'$2b$12$szne5trCcza.FKs1zvHIBedCQrqc0nDkrmGmVZ1XwAB2vGLWkK5O2'
8632c11ff8184ba98b3b89228121feef,Amber Morales,b'$2b$12$9297u8TU9a7buDsLWkMma.IzJbAZ40sTbsORiIJHrMPQsdAW1OMiq'
c9d663d1380d4a28b3f2a1933b1d7232,Dorothy Holland,b'$2b$12$GRiSX4G0r8OxPQ7u0y2eXefPoDJXHGx9wq/1t2i4yX1dC..CPF9Ne'
3157053419d944358553f45089d6bc0d,Martha Winters MD,b'$2b$12$RuEOVBrZ5SIxjwHnUlJTGeOkV1lrDZNA58MgH90sh/bSG7DYd4guy'
